{
  "_comment": "1 - monday ... 7 - sunday",
  "schedule": {
    "1": [12, 23],
    "2": [12, 23],
    "3": [12, 23],
    "4": [12, 23],
    "5": [12, 23],
    "6": [12, 23],
    "7": [12, 23]
  },
  "location": [41.557688, -8.399062]
}
